id,postalCode,commune_id
1,8355,3364
2,5000,2079
3,5004,2079
4,5032,2095
5,3270,1359
6,4663,2020
7,4912,2050
8,8607,3579
9,8522,3463
10,1657,521
11,5646,2276
12,9030,3774
13,3725,1586
14,1123,94
15,6716,2703
16,3715,1579
17,8345,3359
18,6043,2331
19,8452,3403
20,8106,3213
21,8134,3233
22,4714,2029
23,3426,1451
24,2558,1070
25,8412,3381
26,4147,1823
27,6287,2453
28,8904,3735
29,3536,1498
30,3703,1569
31,4556,1960
32,3703,1568
33,3672,1562
34,3656,1551
35,4583,1984
36,4587,1990
37,5645,2274
38,8914,3747
39,8914,3746
40,9556,3972
41,8910,3742
42,3416,1437
43,3951,1718
44,6597,2618
45,8308,3339
46,1352,281
47,6982,2883
48,6927,2820
49,3216,1329
50,1860,736
51,1219,164
52,1288,233
53,6780,2747
54,6248,2429
55,1669,543
56,3955,1724
57,3183,1304
58,3422,1444
59,3473,1476
60,6974,2873
61,9249,3853
62,5643,2270
63,1165,126
64,2942,1201
65,1304,250
66,6319,2472
67,4615,1998
68,3112,1264
69,4123,1811
70,7416,3079
71,6315,2468
72,7710,3194
73,6055,2338
74,6053,2337
75,8849,3692
76,9656,4007
77,6147,2378
78,8243,3302
79,6460,2542
80,8453,3404
81,8852,3693
82,9423,3882
83,1715,606
84,8573,3521
85,8479,3432
86,8573,3522
87,6246,2427
88,8595,3566
89,9450,3900
90,6286,2452
91,7473,3134
92,7492,3140
93,7451,3119
94,7447,3116
95,6775,2742
96,8873,3709
97,3963,1742
98,8514,3461
99,5600,2235
100,3257,1351
101,8580,3534
102,3633,1535
103,6474,2554
104,7440,3109
105,8450,3401
106,6490,2561
107,8572,3517
108,7159,2984
109,9204,3824
110,8586,3551
111,5611,2243
112,1247,188
113,4469,1921
114,1972,896
115,6748,2727
116,9050,3790
117,9050,3785
118,9050,3786
119,9050,3787
120,9050,3789
121,9050,3788
122,1143,108
123,1994,927
124,6719,2708
125,1091,74
126,6994,2897
127,1974,898
128,6517,2570
129,4424,1884
130,9320,3866
131,6618,2633
132,3296,1381
133,1732,641
134,7546,3172
135,1957,860
136,2015,943
137,7104,2938
138,1966,885
139,4422,1882
140,5628,2262
141,4144,1820
142,9212,3826
143,1277,221
144,1321,262
145,8905,3737
146,3508,1486
147,6822,2766
148,1986,911
149,7050,2923
150,6939,2832
151,6415,2520
152,1884,764
153,6543,2587
154,1991,916
155,1273,216
156,6864,2791
157,7245,3036
158,6612,2628
159,5025,2091
160,1042,35
161,6999,2903
162,2954,1211
163,1285,230
164,1616,480
165,5056,2112
166,8544,3480
167,6468,2550
168,4536,1946
169,9434,3890
170,8376,3377
171,8804,3666
172,1170,131
173,1673,547
174,1914,795
175,5105,2135
176,6547,2591
177,4302,1852
178,1484,387
179,6661,2658
180,6677,2673
181,8331,3353
182,3938,1702
183,3995,1785
184,7444,3112
185,4944,2073
186,1782,679
187,1475,380
188,1742,650
189,2012,940
190,5644,2273
191,6670,2665
192,1976,900
193,1580,446
194,1754,662
195,1644,507
196,1754,661
197,1237,180
198,3855,1645
199,3961,1734
200,9478,3922
201,6340,2477
202,1996,930
203,8806,3668
204,8184,3263
205,9633,3999
206,8164,3251
207,7310,3054
208,5330,2188
209,5400,2192
210,5404,2192
211,6283,2447
212,5333,2190
213,6828,2771
214,9436,3892
215,1338,270
216,1144,109
217,3303,1386
218,6275,2441
219,4525,1939
220,3254,1345
221,4524,1936
222,4710,2026
223,8362,3369
224,3937,1701
225,9496,3936
226,6981,2882
227,3256,1349
228,8471,3425
229,4913,2051
230,3552,1504
231,6917,2812
232,1783,686
233,8344,3358
234,3282,1370
235,8233,3291
236,3323,1405
237,5017,2086
238,4252,1849
239,8241,3299
240,8254,3310
241,4000,1794
242,4001,1794
243,4054,1794
244,4051,1794
245,4052,1794
246,4053,1794
247,4058,1794
248,4055,1794
249,4056,1794
250,4057,1794
251,4059,1794
252,4031,1795
253,1996,936
254,2854,1163
255,8303,3333
256,1269,211
257,3315,1400
258,4112,1804
259,6466,2548
260,1446,359
261,8494,3445
262,1372,290
263,9602,3983
264,3803,1619
265,6375,2498
266,6930,2823
267,6981,2879
268,6781,2749
269,8228,3288
270,1268,210
271,5637,2268
272,5712,2285
273,4229,1839
274,3914,1675
275,1782,684
276,4512,1929
277,2713,1102
278,1585,450
279,1293,238
280,5454,2216
281,6500,2564
282,6503,2564
283,2564,1074
284,3997,1790
285,1092,77
286,1432,343
287,3123,1272
288,3124,1273
289,2744,1129
290,8121,3223
291,8717,3619
292,8463,3413
293,8836,3682
294,4431,1887
295,5636,2266
296,1038,23
297,8471,3424
298,8415,3386
299,9305,3856
300,8572,3520
301,8962,3768
302,7482,3138
303,8965,3770
304,8222,3283
305,3376,1426
306,1680,562
307,8267,3323
308,3000,1212
309,3004,1212
310,3005,1212
311,3006,1212
312,3007,1212
313,3008,1212
314,3010,1212
315,3011,1212
316,3012,1212
317,3013,1212
318,3014,1212
319,3015,1212
320,3018,1212
321,3019,1212
322,3020,1212
323,3027,1212
324,9442,3895
325,1233,177
326,9304,3855
327,1149,122
328,6215,2410
329,8892,3726
330,8543,3477
331,8614,3583
332,6661,2659
333,6863,2790
334,5627,2261
335,1609,468
336,8777,3659
337,3991,1780
338,3366,1415
339,1042,33
340,4126,1814
341,2544,1061
342,3992,1781
343,9553,3968
344,5618,2250
345,2935,1200
346,1996,929
347,2022,948
348,7502,3144
349,2735,1121
350,1880,760
351,6710,2696
352,6710,2697
353,3206,1314
354,4562,1965
355,8242,3301
356,4578,1980
357,5023,2089
358,8363,3370
359,9248,3850
360,6958,2858
361,3989,1777
362,4105,1800
363,2500,1039
364,2502,1039
365,2504,1039
366,2505,1039
367,2503,1039
368,3419,1440
369,1145,110
370,1996,933
371,4585,1988
372,3513,1491
373,3507,1485
374,6676,2671
375,6954,2853
376,1681,564
377,8865,3704
378,3996,1789
379,4102,1797
380,8122,3224
381,6934,2826
382,6981,2880
383,1996,932
384,1407,304
385,1042,34
386,1670,544
387,3903,1661
388,8903,3734
389,5413,2197
390,6804,2752
391,5242,2157
392,5244,2160
393,5708,2284
394,4127,1815
395,8585,3547
396,9220,3834
397,6436,2532
398,6816,2762
399,3983,1762
400,3982,1761
401,7457,3126
402,3771,1600
403,3919,1681
404,3914,1676
405,4223,1833
406,3717,1581
407,3368,1419
408,3674,1565
409,1675,556
410,1966,884
411,3989,1776
412,1807,712
413,3638,1541
414,5334,2191
415,4461,1913
416,6743,2720
417,2856,1165
418,1353,282
419,1279,224
420,6951,2846
421,2014,942
422,4556,1957
423,3067,1238
424,3065,1236
425,8715,3617
426,1470,373
427,3366,1416
428,3766,1598
429,6981,2881
430,7402,3066
431,8554,3494
432,2926,1196
433,2944,1203
434,3806,1622
435,4618,2001
436,5706,2282
437,1724,623
438,8906,3738
439,1427,336
440,8113,3218
441,1277,222
442,6658,2655
443,7604,3188
444,6935,2827
445,6685,2682
446,3178,1301
447,1615,479
448,5623,2256
449,1041,29
450,4814,2043
451,1652,514
452,8598,3570
453,4103,1798
454,5315,2178
455,1966,883
456,2043,961
457,2017,945
458,1172,132
459,1063,51
460,1699,599
461,1946,842
462,1722,619
463,1035,20
464,2803,1139
465,1034,19
466,1897,778
467,2113,989
468,1932,811
469,3533,1495
470,5076,2123
471,6544,2588
472,7527,3161
473,6167,2389
474,1967,886
475,3957,1726
476,9502,3940
477,8784,3662
478,6979,2877
479,6932,2824
480,7165,2988
481,4226,1836
482,1121,92
483,5620,2253
484,3047,1225
485,1683,571
486,6937,2829
487,1817,718
488,3671,1561
489,2904,1182
490,1053,42
491,1329,268
492,4207,1830
493,3855,1644
494,7084,2937
495,3856,1646
496,3900,1658
497,3900,1657
498,1996,931
499,6634,2638
500,6645,2643
501,4225,1835
502,6614,2631
503,6475,2555
504,4588,1993
505,4805,2039
506,1636,502
507,6693,2687
508,9552,3967
509,6692,2685
510,2149,1000
511,2318,1009
512,4101,1796
513,5200,2142
514,2555,1066
515,4582,1983
516,9058,3799
517,5505,2226
518,3860,1652
519,1719,613
520,9125,3819
521,6440,2535
522,3307,1392
523,6827,2770
524,7743,3200
525,1934,816
526,3237,1338
527,8311,3344
528,8306,3336
529,6837,2778
530,4416,1877
531,8608,3580
532,8414,3385
533,8524,3465
534,8586,3557
535,9562,3973
536,8263,3319
537,8586,3554
538,8454,3405
539,3623,1521
540,7223,3021
541,1164,125
542,6033,2322
543,5033,2096
544,6211,2404
545,9470,3913
546,8107,3214
547,3215,1327
548,4446,1901
549,3263,1354
550,3274,1365
551,9055,3794
552,9215,3830
553,2925,1195
554,8180,3260
555,1630,496
556,1453,365
557,5624,2258
558,6374,2497
559,6343,2479
560,3935,1700
561,2915,1190
562,3294,1379
563,6382,2501
564,4413,1874
565,3313,1397
566,5736,2297
567,4117,1809
568,4556,1958
569,3400,1430
570,6363,2490
571,3664,1558
572,3816,1630
573,6078,2351
574,8575,3527
575,6463,2545
576,9442,3894
577,6233,2418
578,1195,151
579,1183,141
580,1268,209
581,6542,2586
582,8238,3296
583,4227,1837
584,1030,15
585,1608,465
586,9565,3979
587,3292,1376
588,4917,2055
589,8370,3371
590,1541,425
591,1136,105
592,1514,398
593,9606,3987
594,8236,3295
595,2115,991
596,5619,2251
597,8863,3702
598,6018,2310
599,5632,2264
600,4922,2059
601,4463,1915
602,6838,2780
603,6936,2828
604,6814,2760
605,6593,2614
606,6965,2869
607,6955,2854
608,7027,2917
609,6746,2723
610,6760,2731
611,6557,2595
612,6659,2657
613,6803,2751
614,7187,3003
615,6528,2577
616,7748,3205
617,6760,2735
618,6718,2706
619,6911,2806
620,6720,2709
621,6684,2680
622,7744,3201
623,7446,3114
624,7113,2946
625,6837,2779
626,6952,2850
627,6825,2768
628,6913,2808
629,6919,2814
630,6584,2612
631,6760,2732
632,6914,2809
633,1227,173
634,7122,2952
635,1084,70
636,1236,179
637,7602,3186
638,6875,2799
639,6987,2889
640,6990,2892
641,6976,2874
642,6540,2584
643,7608,3191
644,6874,2798
645,6980,2878
646,7027,2916
647,6532,2578
648,7126,2953
649,6723,2715
650,6546,2590
651,1824,724
652,6749,2729
653,7182,2998
654,6690,2683
655,6578,2608
656,6654,2649
657,7408,3072
658,7505,3147
659,1298,244
660,6683,2678
661,1654,518
662,1682,569
663,2053,965
664,6959,2861
665,6675,2670
666,1474,379
667,1589,457
668,1816,717
669,3966,1745
670,6330,2473
671,1292,237
672,1436,349
673,2019,946
674,1832,726
675,1933,813
676,1955,859
677,2149,998
678,1424,332
679,1874,755
680,1938,824
681,7512,3148
682,1971,893
683,1873,752
684,2735,1122
685,1947,846
686,1537,421
687,1443,355
688,3976,1756
689,1284,229
690,3961,1733
691,1965,867
692,1773,672
693,1945,834
694,1409,309
695,1534,417
696,1608,464
697,1063,52
698,1803,708
699,1637,503
700,2947,1205
701,1906,785
702,1660,528
703,1618,483
704,1653,516
705,1219,165
706,2715,1106
707,1610,472
708,1473,378
709,2843,1160
710,1553,432
711,2067,976
712,1279,225
713,1290,235
714,1464,371
715,1148,117
716,1676,558
717,1022,6
718,1694,589
719,1512,395
720,1373,291
721,1529,413
722,1927,807
723,1091,75
724,1224,169
725,1225,170
726,1464,370
727,1744,651
728,3971,1751
729,3971,1749
730,1822,722
731,1683,572
732,1608,466
733,1400,299
734,1033,18
735,1275,219
736,1885,766
737,1720,614
738,1846,730
739,2906,1184
740,1316,259
741,1545,429
742,1071,59
743,1468,372
744,1945,840
745,2025,951
746,2054,967
747,6830,2772
748,6764,2738
749,1134,103
750,3965,1743
751,6747,2726
752,1871,749
753,1244,185
754,7000,2904
755,7075,2931
756,6959,2860
757,6684,2681
758,6992,2894
759,7526,3160
760,1815,716
761,1127,98
762,6702,2692
763,1595,458
764,1993,925
765,7442,3110
766,2932,1197
767,2207,1002
768,6678,2674
769,1267,208
770,1216,160
771,6877,2801
772,6951,2845
773,1239,181
774,1868,746
775,1245,186
776,1903,782
777,1223,168
778,2013,941
779,1114,88
780,6949,2841
781,1535,419
782,1536,420
783,1971,894
784,1291,236
785,6663,2662
786,1231,175
787,1426,335
788,1996,934
789,1232,176
790,1587,455
791,7241,3032
792,1964,866
793,6594,2615
794,6646,2644
795,1296,242
796,2826,1151
797,1856,735
798,1647,510
799,2747,1133
800,2035,956
801,1082,68
802,1426,334
803,1562,436
804,1374,292
805,1792,699
806,2606,1087
807,3960,1728
808,6631,2635
809,1754,660
810,1782,681
811,1721,616
812,1720,615
813,2036,957
814,2612,1095
815,2087,983
816,2952,1208
817,1727,637
818,1410,313
819,1802,707
820,1747,654
821,1246,187
822,1804,709
823,2016,944
824,2607,1088
825,6873,2797
826,6958,2859
827,6722,2713
828,1304,251
829,1741,649
830,1116,90
831,1585,451
832,1934,817
833,2823,1148
834,2825,1150
835,2922,1192
836,2853,1162
837,2950,1207
838,1796,703
839,1795,702
840,1784,687
841,2830,1157
842,2822,1147
843,2738,1125
844,1791,697
845,2905,1183
846,2608,1090
847,2923,1193
848,2950,1206
849,1784,689
850,2852,1161
851,1721,617
852,1774,675
853,2108,987
854,6951,2847
855,6611,2627
856,3963,1741
857,1299,245
858,1263,203
859,1526,409
860,2746,1131
861,6705,2694
862,1785,690
863,2088,984
864,7447,3115
865,1653,517
866,1992,924
867,1941,825
868,1023,7
869,1406,303
870,1322,263
871,7554,3177
872,1148,113
873,1404,300
874,1588,456
875,6516,2569
876,1482,383
877,1053,43
878,1096,82
879,7142,2966
880,7176,2996
881,7452,3120
882,7184,3000
883,6963,2866
884,6944,2836
885,6986,2887
886,1521,401
887,6959,2862
888,8447,3400
889,8471,3422
890,6252,2430
891,1306,253
892,1976,901
893,6126,2369
894,7424,3088
895,6383,2505
896,8108,3215
897,6774,2741
898,2933,1198
899,2914,1189
900,6717,2704
901,4658,2019
902,8114,3219
903,7163,2986
904,1283,227
905,7164,2987
906,3707,1573
907,3763,1595
908,8421,3390
909,5405,2193
910,6964,2868
911,7272,3045
912,7260,3042
913,7276,3046
914,7277,3047
915,7278,3048
916,7270,3044
917,7265,3043
918,7145,2969
919,9113,3812
920,3053,1229
921,4543,1952
922,2800,1137
923,1567,443
924,1415,319
925,1135,104
926,1410,312
927,1026,10
928,5026,2092
929,4552,1953
930,3036,1217
931,8505,3453
932,2802,1138
933,9115,3814
934,4457,1910
935,8157,3248
936,3053,1230
937,3754,1589
938,4442,1897
939,9444,3897
940,6036,2325
941,8777,3658
942,3264,1355
943,2517,1045
944,8253,3309
945,3256,1348
946,9615,3993
947,8953,3763
948,8305,3335
949,6042,2330
950,8474,3427
951,6967,2871
952,5606,2239
953,7180,2997
954,4243,1844
955,1304,249
956,7013,2906
957,2056,968
958,1564,438
959,1041,27
960,1563,437
961,1682,567
962,7433,3102
963,1582,447
964,6715,2700
965,1407,307
966,8583,3538
967,6112,2363
968,1905,784
969,8458,3408
970,8239,3297
971,4143,1819
972,8566,3512
973,5605,2238
974,5312,2175
975,3293,1377
976,8582,3536
977,1945,833
978,9612,3990
979,1965,868
980,8600,3572
981,3186,1307
982,4202,1826
983,1912,792
984,1266,206
985,4657,2018
986,1195,150
987,8635,3598
988,5724,2288
989,3465,1473
990,8374,3375
991,7112,2945
992,6245,2426
993,9122,3816
994,8925,3753
995,6030,2320
996,8123,3225
997,9642,4001
998,6163,2387
999,1040,26
1000,1026,11
1001,1646,509
1002,1112,86
1003,1376,294
1004,1312,256
1005,1612,476
1006,1673,548
1007,1024,8
1008,1730,639
1009,2813,1145
1010,6313,2462
1011,5078,2125
1012,8307,3338
1013,4622,2002
1014,9231,3840
1015,8132,3231
1016,8847,3691
1017,5445,2213
1018,3939,1703
1019,9034,3777
1020,8585,3543
1021,3537,1499
1022,8193,3268
1023,5704,2280
1024,9322,3867
1025,6243,2424
1026,5420,2203
1027,6205,2399
1028,9453,3903
1029,6013,2307
1030,3823,1635
1031,5074,2121
1032,3646,1544
1033,8840,3684
1034,3943,1708
1035,1969,891
1036,3922,1683
1037,5077,2124
1038,8353,3362
1039,8566,3514
1040,8464,3414
1041,8548,3487
1042,8767,3652
1043,8352,3361
1044,3926,1690
1045,8424,3392
1046,3711,1574
1047,6032,2321
1048,6020,2312
1049,3543,1501
1050,6376,2499
1051,5304,2172
1052,6390,2509
1053,9032,3775
1054,2073,979
1055,3077,1245
1056,8765,3650
1057,8586,3555
1058,3086,1250
1059,2063,971
1060,8556,3496
1061,8564,3504
1062,8755,3643
1063,8586,3556
1064,5408,2195
1065,9651,4004
1066,6373,2496
1067,6372,2495
1068,1667,538
1069,6162,2386
1070,1663,534
1071,1066,54
1072,1417,321
1073,2885,1174
1074,1731,640
1075,1434,346
1076,1098,84
1077,2886,1175
1078,5012,2080
1079,3272,1361
1080,4458,1911
1081,1976,902
1082,3947,1714
1083,4952,2075
1084,3619,1516
1085,3235,1336
1086,8586,3558
1087,3762,1594
1088,8703,3609
1089,5018,2087
1090,5015,2085
1091,8272,3327
1092,6294,2457
1093,8734,3630
1094,3995,1788
1095,8725,3624
1096,3957,1727
1097,4228,1838
1098,3423,1446
1099,6472,2552
1100,9492,3932
1101,6274,2440
1102,8733,3629
1103,8264,3320
1104,2743,1128
1105,8553,3489
1106,8360,3368
1107,6182,2393
1108,1670,545
1109,1724,624
1110,1435,347
1111,1443,356
1112,1078,65
1113,1186,145
1114,1417,322
1115,8133,3232
1116,1665,535
1117,1695,593
1118,1470,376
1119,1687,578
1120,1037,22
1121,1163,124
1122,8356,3365
1123,4107,1802
1124,6218,2413
1125,3306,1391
1126,5275,2166
1127,4554,1956
1128,8259,3313
1129,1982,906
1130,8844,3688
1131,2533,1051
1132,1902,781
1133,1983,908
1134,3930,1694
1135,1262,202
1136,3617,1514
1137,5615,2247
1138,8951,3761
1139,2916,1191
1140,6760,2734
1141,7226,3024
1142,7153,2977
1143,8117,3221
1144,8639,3602
1145,7215,3018
1146,3557,1508
1147,1595,459
1148,7433,3099
1149,4539,1950
1150,1726,635
1151,1726,632
1152,3705,1571
1153,1173,133
1154,8320,3349
1155,4232,1840
1156,8552,3488
1157,8714,3616
1158,4532,1941
1159,7404,3068
1160,7012,2905
1161,5316,2179
1162,1880,757
1163,1809,714
1164,2063,972
1165,5645,2275
1166,3916,1677
1167,3206,1313
1168,1076,63
1169,1724,625
1170,1313,257
1171,6938,2831
1172,1532,415
1173,8245,3303
1174,8835,3681
1175,3784,1611
1176,7514,3151
1177,1044,37
1178,1996,928
1179,1609,469
1180,7019,2912
1181,7235,3030
1182,3984,1768
1183,3984,1767
1184,1420,324
1185,6918,2813
1186,3983,1763
1187,7477,3135
1188,8757,3645
1189,1925,805
1190,2577,1082
1191,6313,2463
1192,6162,2385
1193,1948,850
1194,6145,2376
1195,5525,2233
1196,8497,3448
1197,8376,3376
1198,5467,2222
1199,5442,2210
1200,8416,3388
1201,3175,1298
1202,3978,1759
1203,7306,3052
1204,9230,3839
1205,1659,524
1206,7426,3090
1207,2114,990
1208,7017,2910
1209,7018,2911
1210,7137,2963
1211,6454,2541
1212,6073,2349
1213,4112,1805
1214,6173,2391
1215,4534,1943
1216,8890,3725
1217,8893,3727
1218,8896,3730
1219,8895,3729
1220,8894,3728
1221,8898,3732
1222,8897,3731
1223,8247,3305
1224,1473,377
1225,1945,832
1226,1945,831
1227,2052,964
1228,2046,962
1229,1421,325
1230,1423,328
1231,6110,2361
1232,2902,1180
1233,1934,819
1234,9476,3919
1235,8127,3229
1236,1072,60
1237,1475,381
1238,1526,408
1239,1782,683
1240,2717,1108
1241,2718,1110
1242,1945,836
1243,3636,1539
1244,1966,877
1245,1297,243
1246,3284,1373
1247,6636,2640
1248,9320,3864
1249,1483,384
1250,3312,1396
1251,8500,3451
1252,3202,1308
1253,2953,1209
1254,9306,3857
1255,8807,3669
1256,8427,3395
1257,5423,2204
1258,3510,1487
1259,1880,758
1260,4402,1870
1261,2027,953
1262,2149,999
1263,8615,3585
1264,1700,602
1265,1708,602
1266,5070,2118
1267,3035,1216
1268,9504,3943
1269,2535,1054
1270,1055,45
1271,9467,3910
1272,8269,3326
1273,3714,1578
1274,7551,3174
1275,7533,3164
1276,4629,2008
1277,5324,2185
1278,4414,1875
1279,1926,806
1280,6363,2491
1281,7232,3028
1282,7414,3076
1283,7413,3075
1284,6696,2691
1285,3907,1667
1286,8214,3277
1287,4584,1986
1288,8547,3486
1289,7244,3035
1290,3863,1654
1291,9534,3958
1292,9056,3795
1293,8854,3696
1294,5224,2148
1295,3285,1374
1296,3238,1339
1297,3206,1315
1298,3945,1710
1299,3236,1337
1300,9487,3928
1301,9473,3917
1302,3900,1656
1303,6978,2876
1304,4716,2031
1305,5272,2163
1306,9608,3989
1307,3144,1282
1308,3924,1687
1309,8136,3237
1310,5412,2196
1311,8725,3623
1312,6123,2367
1313,6284,2449
1314,3126,1275
1315,4460,1912
1316,5637,2267
1317,4145,1821
1318,3215,1326
1319,6852,2785
1320,1200,154
1321,1201,154
1322,1202,154
1323,1203,154
1324,1204,154
1325,1205,154
1326,1206,154
1327,1207,154
1328,1208,154
1329,1209,154
1330,1215,159
1331,1272,214
1332,1294,239
1333,6925,2818
1334,4563,1966
1335,8500,3452
1336,8954,3764
1337,2575,1079
1338,6576,2606
1339,6635,2639
1340,6442,2537
1341,3115,1267
1342,3985,1769
1343,6142,2373
1344,6232,2417
1345,6720,2710
1346,8498,3449
1347,4304,1854
1348,1429,339
1349,1735,644
1350,1673,550
1351,1182,140
1352,1188,147
1353,3826,1639
1354,1276,220
1355,6745,2722
1356,5073,2120
1357,6038,2327
1358,6074,2350
1359,6512,2565
1360,6678,2676
1361,1762,666
1362,1271,213
1363,1196,152
1364,8750,3637
1365,4856,2047
1366,7428,3093
1367,8152,3242
1368,8192,3267
1369,8152,3241
1370,1544,428
1371,1823,723
1372,3902,1660
1373,2855,1164
1374,3998,1791
1375,6525,2574
1376,8044,3207
1377,3553,1505
1378,3207,1318
1379,9403,3874
1380,6410,2518
1381,8638,3601
1382,3624,1523
1383,3805,1621
1384,6656,2653
1385,1124,95
1386,8737,3633
1387,4955,2078
1388,3907,1668
1389,9108,3810
1390,9108,3808
1391,5728,2292
1392,3917,1678
1393,3983,1764
1394,6672,2666
1395,6596,2617
1396,6518,2571
1397,2023,949
1398,6487,2560
1399,9200,3822
1400,8625,3591
1401,1407,305
1402,4579,1981
1403,8583,3537
1404,8274,3329
1405,1376,296
1406,1376,295
1407,2354,1024
1408,3376,1425
1409,9472,3916
1410,9472,3915
1411,3925,1689
1412,6388,2508
1413,3308,1393
1414,8310,3343
1415,8572,3518
1416,6916,2811
1417,1117,91
1418,1212,155
1419,1543,427
1420,1421,326
1421,2908,1186
1422,1775,677
1423,1422,327
1424,2745,1130
1425,1091,76
1426,1666,537
1427,1614,478
1428,3977,1758
1429,1484,388
1430,1763,667
1431,1523,404
1432,1686,576
1433,5722,2286
1434,1965,870
1435,8415,3387
1436,3365,1414
1437,1624,487
1438,6929,2822
1439,3983,1765
1440,8606,3578
1441,4203,1827
1442,2540,1058
1443,3280,1368
1444,3993,1782
1445,1726,633
1446,1274,217
1447,6404,2512
1448,6611,2626
1449,1432,344
1450,9479,3923
1451,5014,2084
1452,3961,1739
1453,1971,895
1454,4247,1848
1455,3818,1631
1456,1772,670
1457,3979,1760
1458,6537,2582
1459,8841,3685
1460,3257,1352
1461,6146,2377
1462,3506,1484
1463,6022,2313
1464,9035,3778
1465,9036,3779
1466,3946,1712
1467,1955,858
1468,3783,1610
1469,3455,1467
1470,3452,1464
1471,8627,3593
1472,7214,3017
1473,8624,3590
1474,1663,533
1475,1882,762
1476,3780,1607
1477,3785,1612
1478,3814,1626
1479,7545,3171
1480,6515,2568
1481,3158,1293
1482,1643,506
1483,3073,1241
1484,3205,1311
1485,8543,3478
1486,3815,1628
1487,4524,1938
1488,8468,3420
1489,3654,1548
1490,8357,3366
1491,8572,3519
1492,8564,3509
1493,8223,3284
1494,4617,2000
1495,6222,2415
1496,3208,1319
1497,3212,1322
1498,6482,2557
1499,3663,1557
1500,1792,698
1501,4932,2062
1502,8605,3576
1503,3864,1655
1504,3956,1725
1505,8594,3565
1506,3645,1542
1507,1251,190
1508,3503,1481
1509,9469,3912
1510,3804,1620
1511,5245,2161
1512,4445,1900
1513,8523,3464
1514,4614,1997
1515,6332,2475
1516,8580,3532
1517,9312,3859
1518,5607,2240
1519,2575,1078
1520,9223,3836
1521,7023,2913
1522,6469,2551
1523,8215,3278
1524,5705,2281
1525,4566,1970
1526,6289,2456
1527,8585,3542
1528,8553,3490
1529,4624,2004
1530,3415,1436
1531,6166,2388
1532,9054,3793
1533,8773,3654
1534,6085,2355
1535,6083,2353
1536,6086,2356
1537,6084,2354
1538,8564,3508
1539,8775,3657
1540,4633,2010
1541,8926,3754
1542,9213,3827
1543,5212,2144
1544,8915,3748
1545,3463,1471
1546,8522,3462
1547,1997,938
1548,2068,977
1549,1648,511
1550,3510,1488
1551,8908,3740
1552,9435,3891
1553,8564,3510
1554,8580,3533
1555,9410,3877
1556,3625,1524
1557,8888,3723
1558,3627,1526
1559,3373,1421
1560,3615,1512
1561,3453,1465
1562,3412,1431
1563,4558,1963
1564,1714,605
1565,9216,3831
1566,3155,1290
1567,6016,2308
1568,4316,1861
1569,3429,1454
1570,9633,4000
1571,8261,3317
1572,8231,3289
1573,4465,1917
1574,9247,3849
1575,5604,2237
1576,8444,3399
1577,1681,565
1578,1525,407
1579,4715,2030
1580,3671,1560
1581,3927,1691
1582,8535,3472
1583,1987,913
1584,6133,2372
1585,6052,2336
1586,9100,3803
1587,6028,2319
1588,1248,189
1589,8330,3351
1590,1513,396
1591,5626,2260
1592,3475,1479
1593,3274,1364
1594,8585,3546
1595,3037,1218
1596,8704,3610
1597,4423,1883
1598,4558,1962
1599,5415,2198
1600,5027,2093
1601,3360,1410
1602,4577,1979
1603,5317,2181
1604,3325,1408
1605,8442,3398
1606,6024,2315
1607,5613,2245
1608,3652,1546
1609,4204,1828
1610,3324,1407
1611,8132,3230
1612,9452,3902
1613,3089,1255
1614,3032,1213
1615,6260,2433
1616,7438,3108
1617,8340,3356
1618,5042,2102
1619,8816,3673
1620,8335,3355
1621,6285,2451
1622,6280,2445
1623,8182,3262
1624,3429,1455
1625,4146,1822
1626,3631,1532
1627,8242,3300
1628,9114,3813
1629,6154,2381
1630,3858,1648
1631,4114,1806
1632,8354,3363
1633,6276,2442
1634,9216,3832
1635,3949,1717
1636,5113,2140
1637,4718,2034
1638,4434,1890
1639,6343,2481
1640,5043,2103
1641,3622,1518
1642,8634,3597
1643,8508,3457
1644,6038,2328
1645,3702,1567
1646,3755,1590
1647,8810,3671
1648,8815,3672
1649,8507,3456
1650,8181,3261
1651,9326,3870
1652,5075,2122
1653,3623,1520
1654,4557,1961
1655,6048,2335
1656,9515,3949
1657,6493,2563
1658,5277,2168
1659,4535,1944
1660,1884,763
1661,8565,3511
1662,8457,3407
1663,9064,3802
1664,6331,2474
1665,6333,2476
1666,3626,1525
1667,4554,1955
1668,8412,3383
1669,8194,3269
1670,5502,2223
1671,8640,3604
1672,6152,2379
1673,8825,3676
1674,8115,3220
1675,8553,3492
1676,4950,2074
1677,8536,3473
1678,6438,2534
1679,4571,1973
1680,1977,903
1681,3305,1389
1682,7206,3011
1683,7130,2957
1684,6434,2530
1685,8556,3497
1686,8574,3524
1687,8308,3340
1688,1656,519
1689,6405,2513
1690,6571,2600
1691,3953,1720
1692,3375,1424
1693,3044,1222
1694,3619,1517
1695,7445,3113
1696,8858,3700
1697,3862,1653
1698,3232,1333
1699,6951,2843
1700,3800,1615
1701,6655,2652
1702,6476,2556
1703,6034,2323
1704,2563,1073
1705,6707,2695
1706,3807,1623
1707,3822,1632
1708,6461,2543
1709,6993,2896
1710,1914,796
1711,8546,3484
1712,8905,3736
1713,6614,2630
1714,6810,2758
1715,8575,3526
1716,4452,1906
1717,5083,2129
1718,3063,1235
1719,3629,1530
1720,9108,3809
1721,1656,520
1722,3303,1388
1723,7233,3029
1724,7307,3053
1725,2565,1075
1726,1793,700
1727,8645,3605
1728,8916,3749
1729,1805,710
1730,9243,3844
1731,1008,2
1732,7448,3117
1733,3801,1618
1734,1326,267
1735,1254,193
1736,6056,2339
1737,4303,1853
1738,5466,2221
1739,5082,2128
1740,5625,2259
1741,3283,1372
1742,3922,1684
1743,3413,1432
1744,6212,2405
1745,8722,3621
1746,8259,3312
1747,4535,1945
1748,3716,1580
1749,3718,1582
1750,4447,1902
1751,8926,3756
1752,4616,1999
1753,3273,1363
1754,6047,2334
1755,3126,1276
1756,8546,3483
1757,8543,3479
1758,3122,1271
1759,6365,2492
1760,8310,3342
1761,3309,1394
1762,6064,2344
1763,3210,1320
1764,8593,3564
1765,4703,2023
1766,4468,1920
1767,3628,1527
1768,3723,1584
1769,3629,1531
1770,4496,1926
1771,8802,3664
1772,8956,3766
1773,3917,1679
1774,3422,1445
1775,9533,3957
1776,5416,2201
1777,3116,1270
1778,3128,1279
1779,5054,2110
1780,3038,1219
1781,8585,3548
1782,8451,3402
1783,3213,1324
1784,4936,2067
1785,5314,2177
1786,3823,1634
1787,3212,1321
1788,4245,1846
1789,6277,2443
1790,5313,2176
1791,8750,3636
1792,8109,3216
1793,7250,3040
1794,7252,3041
1795,8302,3332
1796,8881,3714
1797,8934,3759
1798,6213,2407
1799,5322,2183
1800,8483,3434
1801,5742,2299
1802,3098,1259
1803,3510,1489
1804,3425,1450
1805,6217,2412
1806,9214,3828
1807,3315,1399
1808,3704,1570
1809,3326,1409
1810,8280,3331
1811,3179,1302
1812,4566,1972
1813,6010,2304
1814,9451,3901
1815,9622,3996
1816,9643,4002
1817,7240,3031
1818,6234,2419
1819,8586,3552
1820,5444,2212
1821,8700,3607
1822,6403,2511
1823,5024,2090
1824,4581,1982
1825,8314,3346
1826,4586,1989
1827,1344,274
1828,1355,285
1829,1454,367
1830,1660,527
1831,1148,121
1832,2406,1036
1833,2406,1035
1834,1308,255
1835,2300,1004
1836,2345,1020
1837,2405,1032
1838,2333,1013
1839,2616,1013
1840,2300,1005
1841,1862,737
1842,1093,78
1843,1782,680
1844,2117,993
1845,1148,120
1846,1090,73
1847,1257,196
1848,1265,205
1849,2333,1014
1850,1866,742
1851,1944,829
1852,1933,814
1853,2604,1085
1854,1697,597
1855,1660,529
1856,1687,579
1857,1947,845
1858,1686,577
1859,2520,1047
1860,1966,882
1861,1283,228
1862,1148,115
1863,7522,3156
1864,1278,223
1865,1634,500
1866,7742,3197
1867,1356,287
1868,1985,910
1869,1450,360
1870,2314,1006
1871,1315,258
1872,2720,1112
1873,1658,522
1874,1814,715
1875,1635,501
1876,1918,797
1877,1992,923
1878,1624,486
1879,1454,366
1880,2052,963
1881,7031,2921
1882,7032,2922
1883,8853,3694
1884,1287,232
1885,7155,2979
1886,2718,1111
1887,3931,1696
1888,2516,1044
1889,6814,2759
1890,4432,1888
1891,8556,3498
1892,1983,907
1893,7302,3049
1894,8597,3569
1895,4438,1895
1896,3636,1538
1897,4513,1930
1898,4900,2048
1899,8135,3236
1900,6262,2436
1901,3550,1502
1902,8585,3550
1903,7057,2925
1904,8246,3304
1905,9503,3942
1906,7083,2936
1907,3148,1285
1908,8506,3455
1909,6724,2718
1910,7484,3139
1911,3758,1593
1912,3053,1232
1913,3782,1609
1914,6424,2526
1915,4448,1903
1916,4242,1843
1917,5080,2127
1918,3177,1300
1919,8637,3600
1920,4712,2027
1921,3438,1462
1922,6549,2593
1923,1000,1
1924,1003,1
1925,1004,1
1926,1005,1
1927,1006,1
1928,1007,1
1929,1011,1
1930,1012,1
1931,1015,1
1932,1010,1
1933,1018,1
1934,4415,1876
1935,3822,1633
1936,4426,1886
1937,6633,2637
1938,1892,770
1939,1892,772
1940,1175,136
1941,7543,3170
1942,6746,2725
1943,3994,1783
1944,2360,1025
1945,2877,1170
1946,1348,279
1947,2406,1033
1948,1645,508
1949,2414,1037
1950,2345,1019
1951,1934,821
1952,1450,361
1953,1925,804
1954,1689,583
1955,2322,1010
1956,1611,475
1957,1947,847
1958,2712,1101
1959,1218,162
1960,1609,470
1961,2525,1049
1962,1345,275
1963,1219,163
1964,2400,1031
1965,1801,706
1966,1052,41
1967,1948,853
1968,1724,630
1969,1273,215
1970,2340,1018
1971,2058,970
1972,1661,530
1973,1948,852
1974,1342,272
1975,2714,1103
1976,7746,3203
1977,2400,1030
1978,1347,278
1979,1863,739
1980,1347,277
1981,1923,802
1982,1261,201
1983,1773,671
1984,6556,2594
1985,5325,2186
1986,5733,2294
1987,8584,3540
1988,4935,2066
1989,3706,1572
1990,9525,3953
1991,5426,2206
1992,2543,1060
1993,8574,3525
1994,3775,1603
1995,1978,904
1996,1745,652
1997,5600,2234
1998,7078,2934
1999,6716,2701
2000,1227,172
2001,1992,921
2002,1220,166
2003,1833,727
2004,2127,997
2005,1346,276
2006,2336,1015
2007,2416,1038
2008,2345,1021
2009,1343,273
2010,1356,286
2011,1988,914
2012,1873,753
2013,1080,66
2014,1865,741
2015,1697,598
2016,2748,1135
2017,2338,1016
2018,2875,1028
2019,2363,1028
2020,1897,777
2021,1566,441
2022,2206,1001
2023,2714,1104
2024,1871,750
2025,1922,800
2026,1984,909
2027,2208,1003
2028,2325,1012
2029,1923,803
2030,1992,922
2031,1808,713
2032,1068,55
2033,1862,738
2034,1660,526
2035,1945,837
2036,1619,484
2037,1947,844
2038,2325,1011
2039,1880,759
2040,2353,1023
2041,2610,1093
2042,2316,1008
2043,1882,761
2044,2534,1052
2045,1452,363
2046,2722,1114
2047,2124,995
2048,1669,540
2049,2406,1034
2050,1607,460
2051,1607,461
2052,1932,810
2053,1955,856
2054,2126,996
2055,2054,966
2056,1669,542
2057,8774,3655
2058,5316,2180
2059,3953,1722
2060,3954,1723
2061,5725,2289
2062,3297,1382
2063,1942,827
2064,1854,734
2065,1912,793
2066,7745,3202
2067,9614,3992
2068,9620,3994
2069,1945,830
2070,3097,1258
2071,3213,1323
2072,4436,1892
2073,1688,582
2074,6277,2444
2075,9464,3906
2076,4253,1850
2077,4254,1851
2078,4410,1871
2079,1969,888
2080,2514,1042
2081,1357,288
2082,2523,1048
2083,6853,2786
2084,3317,1401
2085,8315,3347
2086,3673,1564
2087,6682,2677
2088,5224,2149
2089,8783,3661
2090,8564,3503
2091,8566,3515
2092,9573,3980
2093,7058,2926
2094,3268,1358
2095,3960,1729
2096,6600,2621
2097,6605,2621
2098,6661,2660
2099,6678,2675
2100,6527,2576
2101,7433,3101
2102,8235,3293
2103,4573,1975
2104,8224,3285
2105,3127,1277
2106,9308,3858
2107,9506,3944
2108,4514,1931
2109,1027,12
2110,1261,199
2111,6956,2856
2112,6616,2632
2113,1782,682
2114,6558,2596
2115,4654,2014
2116,6716,2702
2117,4932,2063
2118,1948,849
2119,1682,568
2120,1756,664
2121,2732,1118
2122,7534,3165
2123,1966,878
2124,2807,1142
2125,1522,403
2126,9450,3899
2127,8775,3656
2128,6721,2711
2129,7027,2915
2130,8426,3394
2131,6953,2851
2132,6900,2803
2133,2933,1199
2134,1789,696
2135,1184,143
2136,1470,374
2137,1132,101
2138,7148,2973
2139,6533,2579
2140,6078,2352
2141,5242,2158
2142,4419,1880
2143,3215,1328
2144,2576,1081
2145,1307,254
2146,4574,1976
2147,1690,584
2148,1167,128
2149,8512,3458
2150,9062,3800
2151,4542,1951
2152,4571,1974
2153,4584,1987
2154,6156,2383
2155,6156,2382
2156,9604,3986
2157,9601,3981
2158,1095,80
2159,3816,1629
2160,3432,1456
2161,9426,3885
2162,7141,2965
2163,7242,3033
2164,6000,2302
2165,6003,2302
2166,6004,2302
2167,6005,2302
2168,6006,2302
2169,6014,2302
2170,6015,2302
2171,3250,1340
2172,3421,1442
2173,1987,912
2174,8322,3350
2175,4934,2065
2176,6995,2898
2177,6780,2746
2178,8886,3721
2179,7523,3157
2180,6573,2602
2181,4312,1857
2182,5506,2227
2183,6673,2667
2184,2532,1050
2185,6983,2884
2186,6959,2864
2187,1727,636
2188,7304,3051
2189,6763,2736
2190,4464,1916
2191,7026,2914
2192,7208,3012
2193,9479,3924
2194,7074,2930
2195,2735,1123
2196,7516,3154
2197,6102,2357
2198,6713,2698
2199,3152,1287
2200,8265,3321
2201,5318,2182
2202,8708,3613
2203,8268,3325
2204,1775,676
2205,6928,2821
2206,1613,477
2207,6196,2395
2208,9437,3893
2209,1261,200
2210,4115,1807
2211,2074,980
2212,1723,620
2213,7456,3125
2214,1524,405
2215,6817,2763
2216,6723,2716
2217,1633,499
2218,8560,3501
2219,8460,3410
2220,1063,53
2221,1920,798
2222,1921,799
2223,7560,3183
2224,3994,1784
2225,9562,3974
2226,8933,3758
2227,1968,887
2228,7425,3089
2229,6900,2804
2230,1869,747
2231,1692,587
2232,7303,3050
2233,1438,351
2234,7433,3103
2235,1753,658
2236,8766,3651
2237,3773,1602
2238,3800,1617
2239,3322,1403
2240,8585,3549
2241,4713,2028
2242,9548,3966
2243,1453,364
2244,6216,2411
2245,1625,489
2246,8124,3226
2247,1148,118
2248,9493,3933
2249,8576,3528
2250,1911,788
2251,1965,873
2252,6809,2757
2253,7436,3106
2254,6045,2333
2255,6260,2434
2256,6485,2559
2257,5643,2271
2258,3294,1378
2259,6344,2483
2260,3045,1223
2261,8706,3611
2262,1252,191
2263,2554,1065
2264,3860,1651
2265,5616,2248
2266,6818,2764
2267,4917,2056
2268,6068,2347
2269,6067,2346
2270,6815,2761
2271,5465,2220
2272,5507,2228
2273,8887,3722
2274,4233,1841
2275,6850,2784
2276,1533,416
2277,6125,2368
2278,8546,3485
2279,5737,2298
2280,6313,2464
2281,6122,2366
2282,6692,2686
2283,5634,2265
2284,6647,2645
2285,6866,2793
2286,8232,3290
2287,3658,1554
2288,6402,2510
2289,2827,1153
2290,3274,1366
2291,6563,2598
2292,3254,1346
2293,5274,2165
2294,2806,1141
2295,8553,3491
2296,9517,3950
2297,8932,3757
2298,4116,1808
2299,1031,16
2300,1890,767
2301,3280,1367
2302,1217,161
2303,1407,306
2304,1684,574
2305,1083,69
2306,6805,2753
2307,1749,656
2308,2946,1204
2309,3972,1752
2310,1295,240
2311,1896,775
2312,6986,2886
2313,3157,1292
2314,6648,2646
2315,7743,3199
2316,3532,1493
2317,1991,919
2318,1721,618
2319,1565,440
2320,8756,3644
2321,3147,1284
2322,7222,3020
2323,9122,3817
2324,6677,2672
2325,4313,1858
2326,1148,114
2327,6760,2730
2328,6524,2573
2329,1663,531
2330,6995,2899
2331,7056,2924
2332,1146,111
2333,3974,1754
2334,1073,61
2335,8753,3641
2336,1415,318
2337,8885,3720
2338,7183,2999
2339,7458,3127
2340,8617,3587
2341,6659,2656
2342,2715,1105
2343,1125,96
2344,2610,1092
2345,2116,992
2346,1148,116
2347,2610,1091
2348,1185,144
2349,2723,1115
2350,2608,1089
2351,2615,1097
2352,1934,820
2353,6926,2819
2354,1912,791
2355,1776,678
2356,1774,674
2357,1442,354
2358,2027,952
2359,3963,1740
2360,1041,31
2361,2857,1166
2362,1669,541
2363,1475,382
2364,1354,283
2365,6875,2800
2366,6605,2624
2367,6513,2566
2368,1965,874
2369,2884,1173
2370,1483,386
2371,1674,553
2372,1724,626
2373,2037,959
2374,2362,1027
2375,2875,1027
2376,2362,1026
2377,2874,1026
2378,5237,2156
2379,1174,134
2380,1870,748
2381,2924,1194
2382,9462,3904
2383,1587,454
2384,2883,1172
2385,2037,958
2386,1081,67
2387,1820,719
2388,1147,112
2389,2828,1154
2390,5054,2111
2391,3302,1384
2392,6834,2776
2393,6835,2777
2394,1892,771
2395,6922,2816
2396,3983,1766
2397,1541,423
2398,6315,2467
2399,1110,85
2400,1875,756
2401,2572,1076
2402,5103,2134
2403,7143,2967
2404,1674,554
2405,1638,504
2406,1054,44
2407,6443,2538
2408,9402,3873
2409,6295,2458
2410,9607,3988
2411,6611,2625
2412,1675,557
2413,1787,692
2414,2112,988
2415,3324,1406
2416,6721,2712
2417,1510,394
2418,2740,1126
2419,2812,1144
2420,6939,2833
2421,6838,2782
2422,5037,2100
2423,5642,2269
2424,3995,1786
2425,3203,1309
2426,3116,1268
2427,4583,1985
2428,8874,3710
2429,4812,2041
2430,3127,1278
2431,9613,3991
2432,3317,1402
2433,7455,3123
2434,3711,1575
2435,8555,3495
2436,8554,3493
2437,5243,2159
2438,4717,2033
2439,4322,1863
2440,3053,1233
2441,4142,1818
2442,1797,704
2443,3303,1387
2444,4333,1868
2445,9542,3961
2446,3903,1662
2447,3110,1262
2448,3985,1770
2449,8596,3567
2450,3286,1375
2451,3225,1331
2452,9313,3860
2453,6436,2533
2454,1787,693
2455,1787,694
2456,6600,2622
2457,1893,773
2458,3960,1730
2459,8877,3711
2460,4853,2046
2461,5630,2263
2462,3074,1242
2463,2338,1017
2464,1489,391
2465,3825,1638
2466,3280,1369
2467,3034,1215
2468,9602,3982
2469,7537,3168
2470,6289,2455
2471,1428,337
2472,7431,3096
2473,4132,1816
2474,6933,2825
2475,8752,3640
2476,8606,3577
2477,9123,3818
2478,3904,1663
2479,1973,897
2480,1041,30
2481,6244,2425
2482,9126,3820
2483,8173,3257
2484,8413,3384
2485,6991,2893
2486,1669,539
2487,1955,857
2488,9485,3926
2489,4574,1977
2490,4224,1834
2491,8484,3435
2492,5524,2231
2493,9650,4003
2494,8754,3642
2495,9652,4005
2496,6314,2465
2497,2000,939
2498,6025,2316
2499,4623,2003
2500,3176,1299
2501,5432,2208
2502,6206,2400
2503,8732,3628
2504,8212,3274
2505,6345,2484
2506,9315,3863
2507,9217,3833
2508,8213,3276
2509,8566,3513
2510,1740,648
2511,1515,399
2512,2560,1071
2513,8772,3653
2514,4704,2025
2515,4626,2006
2516,9246,3848
2517,4435,1891
2518,3945,1711
2519,3942,1705
2520,9240,3841
2521,8172,3256
2522,5013,2083
2523,8155,3246
2524,9527,3955
2525,3504,1482
2526,5702,2278
2527,3087,1252
2528,8525,3467
2529,3362,1411
2530,3424,1447
2531,6383,2502
2532,3853,1641
2533,3283,1371
2534,5443,2211
2535,3145,1283
2536,9249,3852
2537,3632,1533
2538,9052,3791
2539,8867,3706
2540,9244,3845
2541,3989,1775
2542,3172,1295
2543,8166,3255
2544,5524,2232
2545,9203,3823
2546,4523,1935
2547,1772,669
2548,3960,1731
2549,6683,2679
2550,6746,2724
2551,2518,1046
2552,3976,1757
2553,3116,1269
2554,8212,3275
2555,2103,985
2556,1757,665
2557,6207,2401
2558,6986,2888
2559,1431,342
2560,6883,2802
2561,1845,729
2562,7437,3107
2563,4412,1873
2564,4208,1831
2565,8309,3341
2566,5415,2200
2567,8537,3474
2568,4453,1907
2569,1485,389
2570,1260,198
2571,6363,2489
2572,8587,3559
2573,6315,2469
2574,6414,2519
2575,3096,1257
2576,4524,1937
2577,4538,1948
2578,5225,2151
2579,4625,2005
2580,9245,3847
2581,3414,1433
2582,9565,3978
2583,3088,1253
2584,3672,1563
2585,4436,1893
2586,6370,2494
2587,4515,1933
2588,9413,3879
2589,8425,3393
2590,3948,1716
2591,8102,3208
2592,5036,2099
2593,5108,2138
2594,3551,1503
2595,4564,1968
2596,3988,1773
2597,8154,3245
2598,3434,1458
2599,4653,2013
2600,8216,3279
2601,8156,3247
2602,9621,3995
2603,5062,2115
2604,5273,2164
2605,3653,1547
2606,3504,1483
2607,8843,3687
2608,6208,2402
2609,5727,2291
2610,8917,3750
2611,4324,1865
2612,7431,3097
2613,6012,2306
2614,8526,3469
2615,3363,1412
2616,3424,1448
2617,4588,1992
2618,6387,2507
2619,3854,1642
2620,1724,627
2621,8942,3760
2622,9463,3905
2623,9604,3984
2624,5452,2214
2625,5647,2277
2626,7133,2959
2627,7136,2962
2628,7135,2961
2629,7134,2960
2630,9479,3925
2631,1716,607
2632,8477,3430
2633,4924,2061
2634,9249,3851
2635,3632,1534
2636,8884,3719
2637,3531,1492
2638,8868,3707
2639,9242,3843
2640,3999,1793
2641,3173,1296
2642,8374,3374
2643,8165,3252
2644,8471,3423
2645,3298,1383
2646,6317,2470
2647,4104,1799
2648,3765,1597
2649,8966,3771
2650,8912,3744
2651,8758,3646
2652,3367,1417
2653,2889,1178
2654,6951,2844
2655,4566,1971
2656,4702,2022
2657,8461,3411
2658,4943,2072
2659,5072,2119
2660,3776,1604
2661,8618,3588
2662,8955,3765
2663,3753,1588
2664,4665,2021
2665,1045,38
2666,6955,2855
2667,6143,2374
2668,1580,445
2669,6718,2707
2670,1867,745
2671,3971,1750
2672,4305,1855
2673,4600,1994
2674,4494,1924
2675,1213,157
2676,1756,663
2677,1425,333
2678,8584,3541
2679,8236,3294
2680,8152,3243
2681,1047,40
2682,9565,3977
2683,3629,1529
2684,1350,280
2685,1430,340
2686,1341,271
2687,6945,2837
2688,4466,1918
2689,1965,872
2690,1317,260
2691,1610,474
2692,1608,467
2693,2552,1063
2694,6644,2642
2695,1937,823
2696,1694,588
2697,3042,1220
2698,2534,1053
2699,1413,317
2700,3476,1480
2701,6763,2737
2702,6703,2693
2703,7710,3193
2704,8475,3428
2705,8218,3281
2706,3072,1240
2707,8112,3217
2708,5504,2225
2709,8913,3745
2710,8626,3592
2711,8307,3337
2712,8561,3502
2713,1377,297
2714,1522,402
2715,1911,789
2716,7028,2918
2717,1416,320
2718,6657,2654
2719,1945,839
2720,1607,463
2721,1607,462
2722,6915,2810
2723,1142,107
2724,1867,744
2725,7243,3034
2726,6900,2805
2727,7076,2932
2728,7464,3132
2729,7417,3080
2730,7062,2927
2731,1094,79
2732,1530,414
2733,6912,2807
2734,6695,2689
2735,6832,2774
2736,7110,2943
2737,7029,2920
2738,1059,47
2739,1783,685
2740,1305,252
2741,1303,247
2742,1375,293
2743,6035,2324
2744,1258,197
2745,2742,1127
2746,1166,127
2747,6744,2721
2748,2603,1084
2749,2034,955
2750,1945,841
2751,1213,156
2752,2316,1007
2753,1063,50
2754,7312,3055
2755,8118,3222
2756,8808,3670
2757,8330,3352
2758,6264,2438
2759,5735,2296
2760,4148,1824
2761,8422,3391
2762,8505,3454
2763,6959,2863
2764,6582,2610
2765,6695,2690
2766,6579,2609
2767,1723,621
2768,2542,1059
2769,7443,3111
2770,7156,2980
2771,6010,2305
2772,6776,2743
2773,7111,2944
2774,1174,135
2775,1716,609
2776,2536,1055
2777,1228,174
2778,9498,3938
2779,1737,646
2780,7185,3001
2781,7517,3155
2782,2807,1143
2783,2953,1210
2784,8889,3724
2785,3638,1540
2786,1041,32
2787,1041,28
2788,6742,2719
2789,1318,261
2790,1405,302
2791,1699,600
2792,1962,864
2793,1649,512
2794,6946,2838
2795,6996,2900
2796,6988,2890
2797,2733,1120
2798,1772,668
2799,6724,2717
2800,7504,3146
2801,2900,1179
2802,1699,601
2803,2562,1072
2804,1568,444
2805,7423,3086
2806,6613,2629
2807,6948,2840
2808,1726,634
2809,7742,3198
2810,1725,631
2811,7063,2928
2812,7231,3027
2813,1408,308
2814,1197,153
2815,1528,411
2816,1947,843
2817,6773,2740
2818,6694,2688
2819,4133,1817
2820,7415,3077
2821,1991,917
2822,7424,3087
2823,1788,695
2824,1943,828
2825,7482,3137
2826,6963,2867
2827,2515,1043
2828,1324,265
2829,6523,2572
2830,1243,184
2831,1028,13
2832,1410,310
2833,1682,570
2834,1746,653
2835,1677,559
2836,1008,3
2837,1663,532
2838,1912,790
2839,1624,488
2840,1673,551
2841,7606,3190
2842,6526,2575
2843,1428,338
2844,6723,2714
2845,6823,2767
2846,1070,56
2847,1009,4
2848,1241,182
2849,6984,2885
2850,6989,2891
2851,7228,3026
2852,7224,3022
2853,8883,3718
2854,6572,2601
2855,8878,3712
2856,6777,2744
2857,7172,2992
2858,3271,1360
2859,8197,3272
2860,6026,2317
2861,6060,2341
2862,8487,3439
2863,4719,2035
2864,4433,1889
2865,7556,3179
2866,3435,1459
2867,8262,3318
2868,6862,2789
2869,1439,352
2870,3928,1692
2871,3975,1755
2872,3439,1463
2873,6577,2607
2874,8558,3500
2875,3255,1347
2876,8640,3603
2877,3942,1707
2878,6655,2651
2879,1928,808
2880,6491,2562
2881,7408,3071
2882,2832,1158
2883,2717,1109
2884,9445,3898
2885,4565,1969
2886,1718,611
2887,3966,1744
2888,3998,1792
2889,2912,1188
2890,2732,1119
2891,8158,3249
2892,8105,3211
2893,9038,3781
2894,3713,1576
2895,8864,3703
2896,6260,2435
2897,6260,2432
2898,4418,1879
2899,5734,2295
2900,4153,1825
2901,4919,2057
2902,5057,2113
2903,5332,2189
2904,1617,482
2905,5453,2215
2906,5236,2155
2907,2616,1099
2908,1020,5
2909,6162,2384
2910,1847,731
2911,6285,2450
2912,9411,3878
2913,3647,1545
2914,8404,3379
2915,1128,99
2916,7403,3067
2917,8462,3412
2918,9424,3883
2919,4310,1856
2920,8259,3315
2921,5084,2130
2922,1632,497
2923,6595,2616
2924,6263,2437
2925,3078,1246
2926,8805,3667
2927,8726,3625
2928,6432,2528
2929,9532,3956
2930,4462,1914
2931,6221,2414
2932,4613,1996
2933,8545,3482
2934,8545,3481
2935,8352,3360
2936,1908,787
2937,3724,1585
2938,6436,2531
2939,3216,1330
2940,3911,1672
2941,3986,1771
2942,5415,2199
2943,8739,3635
2944,3987,1772
2945,8750,3638
2946,4533,1942
2947,8616,3586
2948,3159,1294
2949,8586,3553
2950,3475,1478
2951,4125,1813
2952,7128,2955
2953,6452,2539
2954,8412,3382
2955,5323,2184
2956,1097,83
2957,3156,1291
2958,8911,3743
2959,3132,1281
2960,6356,2487
2961,6410,2514
2962,6410,2516
2963,6410,2517
2964,6410,2515
2965,4853,2045
2966,8486,3438
2967,3852,1640
2968,3656,1552
2969,5223,2147
2970,7463,3131
2971,6343,2480
2972,3989,1778
2973,6826,2769
2974,1071,57
2975,1945,835
2976,6674,2668
2977,6802,2750
2978,3206,1312
2979,6599,2620
2980,1852,732
2981,2912,1187
2982,2019,947
2983,2762,1136
2984,2907,1185
2985,7415,3078
2986,4118,1810
2987,6772,2739
2988,2814,1146
2989,6265,2439
2990,4914,2052
2991,9325,3869
2992,4655,2015
2993,4938,2070
2994,4938,2069
2995,6132,2371
2996,1180,139
2997,1323,264
2998,1423,329
2999,1032,17
3000,1122,93
3001,1626,491
3002,8590,3562
3003,5022,2088
3004,6027,2318
3005,2538,1057
3006,1680,563
3007,6113,2364
3008,7454,3122
3009,6622,2634
3010,7430,3094
3011,6037,2326
3012,6039,2329
3013,1088,72
3014,8427,3396
3015,9400,3872
3016,9404,3875
3017,4244,1845
3018,1754,659
3019,3860,1649
3020,6548,2592
3021,2842,1159
3022,1513,397
3023,1728,638
3024,1554,434
3025,3204,1310
3026,1658,523
3027,9512,3947
3028,6760,2733
3029,3913,1674
3030,3373,1422
3031,3538,1500
3032,7405,3069
3033,6023,2314
3034,4467,1919
3035,9565,3975
3036,6418,2523
3037,4852,2044
3038,3901,1659
3039,6343,2482
3040,8919,3752
3041,1659,525
3042,1965,869
3043,6535,2581
3044,6957,2857
3045,6821,2765
3046,1463,369
3047,3113,1265
3048,3437,1461
3049,8455,3406
3050,8465,3415
3051,8964,3769
3052,3422,1443
3053,1673,549
3054,3474,1477
3055,3088,1254
3056,3417,1438
3057,3415,1435
3058,3418,1439
3059,7189,3005
3060,8735,3631
3061,7156,2981
3062,1046,39
3063,1542,426
3064,1695,594
3065,1626,493
3066,5235,2154
3067,3075,1243
3068,8723,3622
3069,9491,3931
3070,3472,1474
3071,5464,2219
3072,4539,1949
3073,8153,3244
3074,3128,1280
3075,4444,1899
3076,4497,1927
3077,5102,2132
3078,3251,1341
3079,3153,1288
3080,3154,1289
3081,7154,2978
3082,8803,3665
3083,8332,3354
3084,1281,226
3085,6662,2661
3086,1773,673
3087,6017,2309
3088,9464,3907
3089,3295,1380
3090,3421,1441
3091,3099,1261
3092,8782,3660
3093,8630,3594
3094,5406,2194
3095,6441,2536
3096,4933,2064
3097,8471,3421
3098,4522,1934
3099,6977,2875
3100,7525,3159
3101,6592,2613
3102,6583,2611
3103,7174,2994
3104,6565,2599
3105,7741,3195
3106,6690,2684
3107,6575,2605
3108,6854,2787
3109,6534,2580
3110,3792,1613
3111,3777,1605
3112,7247,3038
3113,3905,1664
3114,3908,1670
3115,3906,1665
3116,3910,1671
3117,6072,2348
3118,1996,935
3119,5745,2300
3120,7107,2941
3121,2553,1064
3122,6839,2783
3123,7152,2976
3124,2732,1116
3125,2350,1022
3126,1913,794
3127,6954,2852
3128,8493,3444
3129,1585,452
3130,8268,3324
3131,1625,490
3132,9465,3908
3133,3970,1748
3134,1991,920
3135,8599,3571
3136,6872,2795
3137,7462,3130
3138,1922,801
3139,1794,701
3140,7503,3145
3141,7563,3185
3142,7562,3184
3143,8833,3679
3144,1738,647
3145,7320,3061
3146,3049,1227
3147,5614,2246
3148,7423,3085
3149,6060,2340
3150,1948,851
3151,1683,573
3152,1534,418
3153,1242,183
3154,6417,2522
3155,1189,149
3156,2873,1169
3157,2063,973
3158,2732,1117
3159,2065,975
3160,1965,875
3161,1073,62
3162,7460,3129
3163,6942,2834
3164,9468,3911
3165,3813,1625
3166,1907,786
3167,1966,880
3168,7202,3007
3169,6951,2849
3170,9494,3934
3171,9486,3927
3172,9112,3811
3173,9414,3880
3174,6105,2359
3175,8200,3273
3176,8203,3273
3177,8207,3273
3178,8208,3273
3179,3415,1434
3180,5503,2224
3181,3314,1398
3182,6197,2396
3183,8718,3620
3184,7412,3074
3185,3722,1583
3186,6467,2549
3187,3860,1650
3188,7419,3082
3189,9488,3929
3190,2827,1152
3191,6214,2408
3192,5246,2162
3193,8596,3568
3194,3305,1390
3195,2556,1067
3196,7220,3019
3197,8834,3680
3198,5116,2141
3199,5107,2137
3200,7168,2991
3201,8418,3389
3202,8252,3307
3203,8255,3311
3204,8165,3253
3205,8226,3287
3206,6231,2416
3207,8952,3762
3208,3098,1260
3209,5044,2104
3210,3082,1247
3211,7151,2975
3212,8716,3618
3213,3464,1472
3214,8495,3446
3215,9565,3976
3216,5046,2105
3217,5046,2107
3218,7493,3141
3219,3185,1306
3220,7130,2956
3221,5425,2205
3222,3253,1344
3223,8581,3535
3224,8165,3254
3225,5040,2101
3226,8585,3545
3227,9215,3829
3228,8824,3675
3229,4124,1812
3230,9105,3806
3231,5012,2082
3232,6288,2454
3233,8577,3530
3234,3778,1606
3235,6247,2428
3236,8862,3701
3237,7228,3025
3238,3535,1497
3239,4325,1866
3240,3054,1234
3241,6170,2390
3242,5326,2187
3243,2556,1068
3244,3657,1553
3245,3855,1643
3246,8762,3649
3247,3433,1457
3248,8762,3647
3249,4953,2076
3250,6215,2409
3251,9536,3960
3252,6103,2358
3253,3150,1286
3254,3616,1513
3255,4911,2049
3256,1716,608
3257,9223,3835
3258,9103,3804
3259,9057,3796
3260,3757,1592
3261,7325,3064
3262,3624,1522
3263,8603,3574
3264,6430,2527
3265,6838,2781
3266,7550,3173
3267,1554,433
3268,7188,3004
3269,3365,1413
3270,3267,1357
3271,6462,2544
3272,2747,1132
3273,6377,2500
3274,5707,2283
3275,4206,1829
3276,6423,2525
3277,3256,1350
3278,7212,3013
3279,7214,3015
3280,7214,3016
3281,3662,1556
3282,7186,3002
3283,1525,406
3284,1470,375
3285,2888,1177
3286,3989,1779
3287,6545,2589
3288,4411,1872
3289,2545,1062
3290,1933,815
3291,6514,2567
3292,6714,2699
3293,6204,2398
3294,6203,2397
3295,1623,485
3296,1304,248
3297,1724,628
3298,8482,3433
3299,9466,3909
3300,7554,3178
3301,5703,2279
3302,1355,284
3303,7249,3039
3304,6867,2794
3305,1077,64
3306,6832,2773
3307,6997,2901
3308,8472,3426
3309,1541,424
3310,9475,3918
3311,1141,106
3312,7127,2954
3313,7742,3196
3314,7157,2982
3315,8225,3286
3316,8854,3695
3317,8573,3523
3318,3960,1732
3319,5301,2170
3320,6019,2311
3321,6806,2754
3322,5462,2217
3323,3534,1496
3324,1966,876
3325,6951,2848
3326,1274,218
3327,3655,1549
3328,6340,2478
3329,8135,3234
3330,8135,3235
3331,6473,2553
3332,7411,3073
3333,7515,3153
3334,7514,3152
3335,7513,3150
3336,7513,3149
3337,3907,1669
3338,3907,1666
3339,5643,2272
3340,1950,854
3341,8370,3372
3342,2577,1083
3343,6452,2540
3344,4450,1904
3345,4334,1869
3346,8589,3561
3347,1997,937
3348,1678,560
3349,6562,2597
3350,6749,2728
3351,7610,3192
3352,6600,2623
3353,4500,1928
3354,6872,2796
3355,6674,2669
3356,1688,581
3357,8580,3531
3358,2605,1086
3359,9245,3846
3360,6637,2641
3361,8564,3506
3362,6968,2872
3363,2615,1098
3364,8762,3648
3365,1286,231
3366,6174,2392
3367,6924,2817
3368,1642,505
3369,2716,1107
3370,2736,1124
3371,1062,49
3372,2887,1176
3373,2748,1134
3374,2864,1168
3375,2805,1140
3376,9042,3782
3377,9037,3780
3378,3095,1256
3379,3700,1566
3380,6464,2546
3381,7435,3105
3382,8957,3767
3383,6663,2663
3384,1566,442
3385,2024,950
3386,1040,24
3387,2072,978
3388,2874,1029
3389,2364,1029
3390,1264,204
3391,1410,311
3392,1188,148
3393,1965,871
3394,1898,779
3395,2610,1094
3396,3961,1735
3397,1806,711
3398,1958,862
3399,1176,137
3400,3961,1737
3401,1609,471
3402,1969,892
3403,1890,768
3404,1187,146
3405,1955,855
3406,1162,123
3407,1966,879
3408,1071,58
3409,1113,87
3410,1975,899
3411,2123,994
3412,1025,9
3413,1867,743
3414,2882,1171
3415,1713,604
3416,7246,3037
3417,6212,2406
3418,9000,3773
3419,9007,3773
3420,9008,3773
3421,9010,3773
3422,9011,3773
3423,9012,3773
3424,9014,3773
3425,9015,3773
3426,9016,3773
3427,8735,3632
3428,3942,1706
3429,9543,3962
3430,9430,3889
3431,7313,3056
3432,7116,2950
3433,7500,3143
3434,3924,1688
3435,6005,2303
3436,6066,2345
3437,4421,1881
3438,9225,3838
3439,7028,2919
3440,9127,3821
3441,1736,645
3442,3772,1601
3443,4915,2053
3444,1717,610
3445,6541,2585
3446,7536,3167
3447,9422,3881
3448,6855,2788
3449,9320,3865
3450,8404,3380
3451,8174,3258
3452,8712,3614
3453,5053,2109
3454,6063,2343
3455,3922,1685
3456,3933,1698
3457,8143,3240
3458,7605,3189
3459,6370,2493
3460,6362,2488
3461,4656,2017
3462,5603,2236
3463,1450,362
3464,3824,1637
3465,8266,3322
3466,3612,1510
3467,3613,1510
3468,8496,3447
3469,3940,1704
3470,9503,3941
3471,4332,1867
3472,8260,3316
3473,9063,3801
3474,9655,4006
3475,9323,3868
3476,9314,3861
3477,6422,2524
3478,6416,2521
3479,3995,1787
3480,6312,2461
3481,4556,1959
3482,6114,2365
3483,8162,3250
3484,7226,3023
3485,8499,3450
3486,5608,2241
3487,8234,3292
3488,9507,3945
3489,3066,1237
3490,7459,3128
3491,5233,2152
3492,6433,2529
3493,7558,3181
3494,4802,2037
3495,2557,1069
3496,8845,3689
3497,7482,3136
3498,4655,2016
3499,3262,1353
3500,4553,1954
3501,1433,345
3502,3618,1515
3503,1969,890
3504,7434,3104
3505,1786,691
3506,1043,36
3507,5034,2097
3508,8583,3539
3509,1036,21
3510,5085,2131
3511,6284,2448
3512,8614,3582
3513,3454,1466
3514,7421,3083
3515,7175,2995
3516,3800,1614
3517,7456,3124
3518,7472,3133
3519,7115,2948
3520,7138,2964
3521,7148,2972
3522,1528,412
3523,7173,2993
3524,6210,2403
3525,1437,350
3526,7542,3169
3527,3952,1719
3528,2572,1077
3529,1510,393
3530,1712,603
3531,8317,3348
3532,5522,2230
3533,9554,3969
3534,3111,1263
3535,8274,3330
3536,7015,2908
3537,8632,3595
3538,1295,241
3539,7553,3176
3540,7422,3084
3541,1180,138
3542,3929,1693
3543,1617,481
3544,2575,1080
3545,7162,2985
3546,2710,1100
3547,6807,2755
3548,4492,1922
3549,5306,2174
3550,6652,2647
3551,6598,2619
3552,7106,2940
3553,4456,1909
3554,5617,2249
3555,1734,643
3556,3912,1673
3557,6998,2902
3558,1820,721
3559,7116,2949
3560,6950,2842
3561,9053,3792
3562,8428,3397
3563,5723,2287
3564,3623,1519
3565,9425,3884
3566,5112,2139
3567,8478,3431
3568,7109,2942
3569,8800,3663
3570,8240,3298
3571,8484,3436
3572,4106,1801
3573,2075,981
3574,3634,1536
3575,1410,314
3576,1226,171
3577,3367,1418
3578,3174,1297
3579,3600,1509
3580,3603,1509
3581,3604,1509
3582,3608,1509
3583,8512,3460
3584,4922,2058
3585,4441,1896
3586,7430,3095
3587,1988,915
3588,7450,3118
3589,7453,3121
3590,4425,1885
3591,9555,3970
3592,3125,1274
3593,1131,100
3594,8577,3529
3595,3923,1686
3596,1899,780
3597,1748,655
3598,6717,2705
3599,6808,2756
3600,3456,1468
3601,8840,3683
3602,2720,1113
3603,7407,3070
3604,8219,3282
3605,2105,986
3606,3226,1332
3607,1270,212
3608,6865,2792
3609,1552,431
3610,1436,348
3611,1626,492
3612,1538,422
3613,1733,642
3614,8273,3328
3615,6234,2420
3616,1929,809
3617,9495,3935
3618,9497,3937
3619,4632,2009
3620,7203,3008
3621,3083,1248
3622,7014,2907
3623,7016,2909
3624,9043,3783
3625,1969,889
3626,1256,195
3627,1872,751
3628,3556,1507
3629,9477,3921
3630,3555,1506
3631,8466,3417
3632,7166,2989
3633,8467,3418
3634,7428,3092
3635,4576,1978
3636,8881,3715
3637,7064,2929
3638,7532,3163
3639,3656,1550
3640,7559,3182
3641,3233,1334
3642,9327,3871
3643,8856,3698
3644,7418,3081
3645,3781,1608
3646,8488,3441
3647,5300,2169
3648,1991,918
3649,3946,1713
3650,2512,1040
3651,9546,3964
3652,2513,1041
3653,6044,2332
3654,3182,1303
3655,3635,1537
3656,5028,2094
3657,8713,3615
3658,4813,2042
3659,8537,3475
3660,8926,3755
3661,8524,3466
3662,3661,1555
3663,8707,3612
3664,8143,3239
3665,8738,3634
3666,3043,1221
3667,5619,2252
3668,6253,2431
3669,6153,2380
3670,8248,3306
3671,8142,3238
3672,9631,3998
3673,3214,1325
3674,3988,1774
3675,5222,2146
3676,2863,1167
3677,6314,2466
3678,3857,1647
3679,3944,1709
3680,5224,2150
3681,9033,3776
3682,3948,1715
3683,5305,2173
3684,8103,3209
3685,5035,2098
3686,8842,3686
3687,5726,2290
3688,3614,1511
3689,8918,3751
3690,4588,1991
3691,9604,3985
3692,6465,2547
3693,3800,1616
3694,5417,2202
3695,8476,3429
3696,4916,2054
3697,8882,3717
3698,7204,3009
3699,7201,3006
3700,9657,4008
3701,7114,2947
3702,8902,3733
3703,7427,3091
3704,9107,3807
3705,8751,3639
3706,4937,2068
3707,1412,316
3708,6280,2446
3709,1670,546
3710,3322,1404
3711,8610,3581
3712,3628,1528
3713,8592,3563
3714,3427,1452
3715,3068,1239
3716,1958,861
3717,8730,3627
3718,9240,3842
3719,6833,2775
3720,7314,3057
3721,9490,3930
3722,6947,2839
3723,6575,2604
3724,1873,754
3725,2042,960
3726,7077,2933
3727,7535,3166
3728,7122,2951
3729,7317,3060
3730,1441,353
3731,1358,289
3732,1412,315
3733,1586,453
3734,1565,439
3735,1337,269
3736,7132,2958
3737,7213,3014
3738,1253,192
3739,3953,1721
3740,6777,2745
3741,7317,3059
3742,7315,3058
3743,7146,2970
3744,1675,555
3745,2537,1056
3746,1423,330
3747,1325,266
3748,1627,494
3749,2028,954
3750,1126,97
3751,7082,2935
3752,7144,2968
3753,2830,1156
3754,5106,2136
3755,2943,1202
3756,1933,812
3757,3973,1753
3758,1936,822
3759,3967,1746
3760,6538,2583
3761,6655,2650
3762,6664,2664
3763,2829,1155
3764,1961,863
3765,6992,2895
3766,1904,783
3767,1214,158
3768,1891,769
3769,1551,430
3770,1864,740
3771,7104,2939
3772,6653,2648
3773,1947,848
3774,1290,234
3775,1222,167
3776,1483,385
3777,1234,178
3778,1963,865
3779,1800,705
3780,1981,905
3781,3968,1747
3782,1255,194
3783,1993,926
3784,1820,720
3785,6943,2835
3786,6938,2830
3787,7747,3204
3788,1267,207
3789,1945,838
3790,6921,2815
3791,7603,3187
3792,2824,1149
3793,6962,2865
3794,7147,2971
3795,2063,974
3796,1966,881
3797,6781,2748
3798,6966,2870
3799,1679,561
3800,1652,515
3801,1832,725
3802,1583,448
3803,1694,590
3804,1685,575
3805,1691,586
3806,1695,592
3807,1148,119
3808,1682,566
3809,1423,331
3810,1404,301
3811,1515,400
3812,1584,449
3813,1040,25
3814,1061,48
3815,1443,357
3816,1666,536
3817,1168,129
3818,1029,14
3819,2903,1181
3820,1752,657
3821,1884,765
3822,1058,46
3823,1695,595
3824,1723,622
3825,1694,591
3826,1651,513
3827,1555,435
3828,1690,585
3829,1527,410
3830,1844,728
3831,2613,1096
3832,1096,81
3833,1934,818
3834,2057,969
3835,5234,2153
3836,5612,2244
3837,5213,2145
3838,7324,3063
3839,3234,1335
3840,1184,142
3841,1895,774
3842,6574,2603
3843,3930,1695
3844,3932,1697
3845,3961,1736
3846,6354,2486
3847,7557,3180
3848,6632,2636
3849,8459,3409
3850,8604,3575
3851,1941,826
3852,4803,2038
3853,8857,3699
3854,1896,776
3855,7149,2974
3856,1628,495
3857,1674,552
3858,1418,323
3859,1509,392
3860,1302,246
3861,1134,102
3862,1431,341
3863,1610,473
3864,1633,498
3865,1486,390
3866,1687,580
3867,1696,596
3868,1445,358
3869,1085,71
3870,1115,89
3871,7552,3175
3872,3084,1249
3873,8820,3674
3874,8646,3606
3875,8259,3314
3876,8564,3507
3877,4246,1847
3878,3046,1224
3879,6318,2471
3880,9044,3784
3881,8636,3599
3882,5046,2106
3883,8727,3626
3884,4437,1894
3885,5624,2257
3886,8564,3505
3887,9205,3825
3888,9104,3805
3889,8880,3713
3890,8881,3716
3891,3512,1490
3892,4323,1864
3893,3206,1316
3894,1784,688
3895,8360,3367
3896,8304,3334
3897,3380,1428
3898,3377,1427
3899,3272,1362
3900,8468,3419
3901,7158,2983
3902,5622,2255
3903,4942,2071
3904,5746,2301
3905,9428,3888
3906,3380,1429
3907,8602,3573
3908,4612,1995
3909,8855,3697
3910,3374,1423
3911,9545,3963
3912,7323,3062
3913,3372,1420
3914,8532,3471
3915,3457,1469
3916,6484,2558
3917,9057,3797
3918,8195,3270
3919,8105,3212
3920,3665,1559
3921,9630,3997
3922,6242,2423
3923,2075,982
3924,8872,3708
3925,4317,1862
3926,6353,2485
3927,8187,3265
3928,3462,1470
3929,8570,3516
3930,9508,3946
3931,8532,3470
3932,8104,3210
3933,9057,3798
3934,3764,1596
3935,4515,1932
3936,8484,3437
3937,7326,3065
3938,9476,3920
3939,4716,2032
3940,3823,1636
3941,3251,1342
3942,3714,1577
3943,4493,1923
3944,9470,3914
3945,7433,3100
3946,8615,3584
3947,8342,3357
3948,6106,2360
3949,5430,2207
3950,8907,3739
3951,8512,3459
3952,8620,3589
3953,8623,3589
3954,3114,1266
3955,8967,3772
3956,9443,3896
3957,4537,1947
3958,9405,3876
3959,7494,3142
3960,6383,2503
3961,8542,3476
3962,8372,3373
3963,6192,2394
3964,3053,1231
3965,8556,3499
3966,4806,2040
3967,5276,2167
3968,9500,3939
3969,8196,3271
3970,8492,3443
3971,8217,3280
3972,8489,3442
3973,5103,2133
3974,8465,3416
3975,3812,1624
3976,9658,4009
3977,9225,3837
3978,6062,2342
3979,8525,3468
3980,9535,3959
3981,8832,3677
3982,3918,1680
3983,3266,1356
3984,3428,1453
3985,3207,1317
3986,5058,2114
3987,6236,2422
3988,3425,1449
3989,8846,3690
3990,6130,2370
3991,8253,3308
3992,3752,1587
3993,9315,3862
3994,5210,2143
3995,8175,3259
3996,6235,2421
3997,4558,1964
3998,8185,3264
3999,8312,3345
4000,4451,1905
4001,8400,3378
4002,8406,3378
4003,8408,3378
4004,8404,3378
4005,8405,3378
4006,8409,3378
4007,4652,2012
4008,6383,2504
4009,4634,2011
4010,5463,2218
4011,9300,3854
4012,9547,3965
4013,4108,1803
4014,4443,1898
4015,5064,2117
4016,5053,2108
4017,5610,2242
4018,3033,1214
4019,5512,2229
4020,6386,2506
4021,9116,3815
4022,9427,3887
4023,8633,3596
4024,4704,2024
4025,5063,2116
4026,4628,2007
4027,6110,2362
4028,8832,3678
4029,3076,1244
4030,3252,1343
4031,3048,1226
4032,5012,2081
4033,3184,1305
4034,9514,3948
4035,5303,2171
4036,5436,2209
4037,4923,2060
4038,3472,1475
4039,4954,2077
4040,1169,130
4041,1400,298
4042,1462,368
4043,1853,733
4044,3309,1395
4045,3532,1494
4046,4495,1925
4047,5079,2126
4048,4314,1859
4049,9427,3886
4050,6144,2375
4051,8487,3440
4052,1724,629
4053,3934,1699
4054,3920,1682
4055,7530,3162
4056,5732,2293
4057,9556,3971
4058,4417,1878
4059,8866,3705
4060,4564,1967
4061,7167,2990
4062,8588,3560
4063,7432,3098
4064,3086,1251
4065,3961,1738
4066,7205,3010
4067,4800,2036
4068,3436,1460
4069,8125,3227
4070,3052,1228
4071,8702,3608
4072,8585,3544
4073,9523,3951
4074,4528,1940
4075,9526,3954
4076,5621,2254
4077,6300,2459
4078,6300,2460
4079,4234,1842
4080,1719,612
4081,8126,3228
4082,4455,1908
4083,7524,3158
4084,8000,3206
4085,8001,3206
4086,8002,3206
4087,8003,3206
4088,8004,3206
4089,8005,3206
4090,8006,3206
4091,8008,3206
4092,8032,3206
4093,8037,3206
4094,8038,3206
4095,8041,3206
4096,8063,3206
4097,8044,3206
4098,8045,3206
4099,8046,3206
4100,8047,3206
4101,8048,3206
4102,8049,3206
4103,8050,3206
4104,8051,3206
4105,8052,3206
4106,8053,3206
4107,8055,3206
4108,8057,3206
4109,8064,3206
4110,8099,3206
4111,4315,1860
4112,3303,1385
4113,9524,3952
4114,8192,3266
4115,3815,1627
4116,3770,1599
4117,3645,1543
4118,8909,3741
4119,4222,1832
4120,3756,1591
